{
  "model": {
    "coef": [
      58815.97837682987,
      102036.31747414154,
      25454.3912607306,
      13393.650574741405,
      16458.639211697446,
      10436.045213516292
    ],
    "intercept": 496677.3215313656
  },
  "scaler": {
    "mean": [
      5.42625,
      2807.27125,
      1520.3775,
      2.00625,
      606.28125,
      1986.99875
    ],
    "scale": [
      2.908962175329889,
      1275.0698922700033,
      832.28683306523,
      1.415524968871973,
      337.08449185395267,
      20.725497543786496
    ]
  },
  "feature_columns": [
    "OverallQual",
    "GrLivArea",
    "TotalBsmtSF",
    "GarageCars",
    "GarageArea",
    "YearBuilt"
  ]
}